{"cameraMode":{"drawMode":0,"name":"Shaded","section":"Shading Mode"},"sceneLighting":false,"audioPlay":false,"sceneViewState":{"m_AlwaysRefresh":false,"showFog":true,"showSkybox":false,"showFlares":true,"showImageEffects":true,"showParticleSystems":true,"showVisualEffectGraphs":true,"m_FxEnabled":true},"in2DMode":false,"pivot":{"x":9.76099967956543,"y":0.6890000104904175,"z":6.193999767303467},"rotation":{"x":-0.13462570309638978,"y":-0.020772434771060945,"z":0.0035561402328312399,"w":-0.9911962747573853},"size":1.0949043035507203,"orthographic":false}